Date,Open,High,Low,Close,Shares Traded,Turnover (â‚¹ Cr),rsi,macd,macd_signal,macd_histogram,sma_10,sma_20,sma_50,sma_200,volatility,bb_upper,bb_middle,bb_lower,atr,high_vol_regime
2025-01-23,23128.3,23270.8,23090.65,23205.35,275558357,27723.78,,0.0,0.0,0.0,,,,,,,,,,0
2025-01-24,23183.9,23347.3,23050.0,23092.2,264336332,24412.46,,-9.026210826206807,-1.8052421652413615,-7.220968660965445,,,,,,,,,,0
2025-01-27,22940.15,23007.45,22786.9,22829.15,257372790,24202.41,,-36.97921120769388,-8.840035973731865,-28.139175233962014,,,,,,,,,,0
2025-01-28,22960.45,23137.95,22857.65,22957.25,361868609,33221.8,,-48.239491150936374,-16.719927009172768,-31.519564141763606,,,,,,,,,,0
2025-01-29,23026.75,23183.35,22976.5,23163.1,251208119,22307.38,,-40.090827389652986,-21.394107085268814,-18.696720304384172,,,,,,,,,,0
2025-01-30,23169.5,23322.05,23139.2,23249.5,384687127,35252.87,,-26.35736344688121,-22.386758357591294,-3.970605089289915,,,,,,,,,,0
2025-01-31,23296.75,23546.8,23277.4,23508.4,326919177,28638.01,,5.355833242720109,-16.838240037529015,22.194073280249125,,,,,,,,,,0
2025-02-01,23528.6,23632.45,23318.3,23482.15,287703637,25741.04,,28.047302634939115,-7.861131503035389,35.9084341379745,,,,,,,,,,0
2025-02-03,23319.35,23381.6,23222.0,23361.05,347241171,32019.13,,35.84549315436743,0.8801934284451756,34.96529972592226,,,,,,,,,,0
2025-02-04,23509.9,23762.75,23423.15,23739.25,376742506,35974.3,,71.71649150258963,15.047453043274068,56.669038459315566,23258.739999999998,,,,,,,,,0
2025-02-05,23801.75,23807.3,23680.45,23696.3,267014345,25806.44,,95.57705725686537,31.15337388599233,64.42368337087305,23307.835,,,,,,,,,0
2025-02-06,23761.95,23773.55,23556.25,23603.35,306978683,30885.59,,105.76722065686045,46.076143240165955,59.69107741669449,23358.95,,,,,,,,,0
2025-02-07,23649.5,23694.5,23443.2,23559.95,368092482,30042.0,,109.08353419637933,58.67762143140863,50.4059127649707,23432.03,,,,,,,,,0
2025-02-10,23543.8,23568.6,23316.3,23381.6,225529166,21254.72,54.54568901039383,96.21131791883818,66.18436072889455,30.02695718994363,23474.465,,,,,,,,258.6821428571423,0
2025-02-11,23383.55,23390.05,22986.65,23071.8,267969979,27191.96,47.03017634370346,60.316432596900995,65.01077510249584,-4.694342505594847,23465.335,,,,,,,,274.62857142857087,0
2025-02-12,23050.8,23144.7,22798.35,23045.25,279656513,26989.94,48.91412447672131,29.38834372533165,57.886288827063005,-28.497945101731354,23444.91,,,,,,,,278.13214285714247,0
2025-02-13,23055.75,23235.5,22992.2,23031.4,265706855,25218.86,55.28716701958017,3.717181860425626,47.052467433735536,-43.33528557330991,23397.21,,,,,,,,273.7035714285711,0
2025-02-14,23096.45,23133.7,22774.85,22929.25,254479643,22049.89,49.25796364021837,-24.58663078997779,32.72464778899287,-57.31127857897066,23341.92,,,,,,,,277.2785714285713,0
2025-02-17,22809.9,22974.2,22725.45,22959.5,207393944,19809.44,44.05061071825148,-44.068687643830344,17.365980702428228,-61.434668346258576,23301.765,,,,,,,,278.89642857142854,0
2025-02-18,22963.65,22992.5,22801.5,22945.3,210616675,19431.37,40.719384953322354,-59.96296366728711,1.9001918284851609,-61.863155495772276,23222.370000000003,23240.555,,,,23803.787294696845,23240.555,22677.322705303155,279.47857142857146,0
2025-02-19,22847.25,23049.95,22814.85,22932.9,206999204,19817.93,29.33424303361106,-72.72157919942401,-13.024162377096674,-59.69741682232734,23146.03,23226.932500000003,,,0.11316411583292314,23806.6867476411,23226.932500000003,22647.178252358906,275.03571428571456,0
2025-02-20,22821.1,22923.85,22812.75,22913.15,240836647,21303.88,29.471823363879082,-83.46440812974106,-27.112211527625554,-56.352196602115505,23077.010000000002,23217.980000000003,,,0.11202780283670992,23811.852191991726,23217.980000000003,22624.10780800828,261.1785714285717,0
2025-02-21,22857.2,22921.0,22720.3,22795.9,242753984,21994.37,29.553923519409636,-100.28326944973742,-41.74642311204793,-58.53684633768949,23000.605,23216.317499999997,,,0.10588297908046336,23814.940012875228,23216.317499999997,22617.694987124767,256.93214285714305,0
2025-02-24,22609.35,22668.05,22518.8,22553.35,214317552,20772.95,2.426989730423628,-131.66632866682994,-59.730404223004335,-71.9359244438256,22917.78,23196.1225,,,0.10998938218619139,23855.69341512509,23196.1225,22536.551584874913,248.03214285714316,0
2025-02-25,22516.45,22625.3,22513.9,22547.55,250279519,24917.83,2.5015505478602478,-155.21640265553287,-78.82760390951005,-76.38879874602283,22865.355000000003,23165.345,,,0.10375095321447828,23886.02030092853,23165.345,22444.669699071474,246.9285714285717,0
2025-02-27,22568.95,22613.3,22508.4,22545.05,289230479,29775.64,2.7037897747586754,-172.09789763066146,-97.48166265374033,-74.61623497692113,22815.335,23130.1225,,,0.10215208312724877,23900.61688091807,23130.1225,22359.62811908193,238.90000000000015,0
2025-02-28,22433.4,22450.35,22104.85,22124.7,551285287,52745.2,2.022396790907564,-216.89510426210836,-121.36435097541394,-95.53075328669442,22724.665,23060.9375,,,0.10776850717464355,23930.534116632047,23060.9375,22191.340883367953,252.3928571428574,0
2025-03-03,22194.55,22261.55,22004.7,22119.3,282399735,25942.05,2.2868158451769034,-249.9516609760649,-147.08181297554412,-102.86984800052076,22643.670000000002,22992.795000000002,,,0.1080156908520802,23934.05227949936,22992.795000000002,22051.537720500644,252.71785714285735,0
2025-03-04,21974.45,22105.05,21964.6,22082.65,253260641,22979.56,2.881913018625255,-275.92586739325634,-172.85062385908657,-103.07524353416977,22555.985,22928.875,,,0.10778701172337903,23936.150832446896,22928.875,21921.599167553104,234.95357142857185,0
2025-03-05,22073.05,22394.9,22067.8,22337.3,305942691,26371.61,22.29700645666199,-272.8176146728947,-192.8440220218482,-79.97359265104652,22495.185,22858.7775,,,0.09770731706024752,23822.79890316653,22858.7775,21894.75609683347,233.57857142857185,0
2025-03-06,22476.35,22556.45,22245.85,22544.7,372083680,30550.28,33.46020526065381,-250.72861194699726,-204.42094000687803,-46.307671940119235,22456.364999999998,22801.197500000002,,,0.10702383928573372,23689.157150858442,22801.197500000002,21913.237849141562,238.3857142857149,0
2025-03-07,22508.65,22633.8,22464.75,22552.5,289765795,21446.95,36.319401575946806,-229.94288488885286,-209.525328983273,-20.41755590557986,22420.3,22748.655000000002,,,0.1073255564174396,23557.608989908877,22748.655000000002,21939.70101009113,224.82857142857185,0
2025-03-10,22521.85,22676.75,22429.05,22460.3,293855491,22330.86,32.65341580373892,-218.3923251152155,-211.29872820966153,-7.093596905553966,22386.739999999998,22693.6725,,,0.10750734766791616,23415.208678817195,22693.6725,21972.136321182807,224.7535714285719,0
2025-03-11,22345.95,22522.1,22314.7,22497.9,347924102,29208.22,34.70218149490536,-203.85450962173854,-209.80988449207695,5.955374870338403,22381.195,22649.4875,,,0.10657512761254674,23298.203643321,22649.4875,22000.771356678997,225.92500000000032,0
2025-03-12,22536.35,22577.4,22329.55,22470.5,369736725,33406.41,34.34982738780205,-192.32710990893975,-206.31332957544953,13.986219666509783,22373.489999999998,22619.422499999997,,,0.09777973039482789,23240.89199916689,22619.422499999997,21997.953000833102,226.8357142857146,0
2025-03-13,22541.5,22558.05,22377.35,22397.2,287535243,22855.58,33.1482509716824,-186.95120289852275,-202.44090424006419,15.489701341541434,22358.704999999998,22587.019999999997,,,0.09802348233548022,23182.020388677458,22587.019999999997,21992.019611322536,231.16071428571453,0
2025-03-17,22353.15,22577.0,22353.15,22508.75,251102239,24122.27,40.58617185194895,-171.7102364043385,-196.29477067291907,24.58453426858057,22397.109999999997,22560.8875,,,0.10060054603893023,23118.441444404547,22560.8875,22003.333555595455,232.81428571428583,0
2025-03-18,22662.25,22857.8,22599.2,22834.3,272578844,26387.47,58.73519261262945,-131.84269585870425,-183.40435571007612,51.56165985137187,22468.61,22556.14,,,0.11385347386528953,23101.98132897855,22556.14,22010.29867102145,237.95357142857134,0
2025-03-19,22874.95,22940.7,22807.95,22907.6,323992121,26994.95,60.743592038910265,-93.2576689826783,-165.37501836459657,72.11734938191827,22551.105000000003,22553.545000000002,,,0.1143809779766099,23091.752210047754,22553.545000000002,22015.33778995225,239.47857142857148,0
2025-03-20,23036.6,23216.7,22973.95,23190.65,313729818,27573.99,66.5013802269707,-39.38498218257155,-140.17701112819157,100.79202894562002,22636.44,22565.8125,,,0.12256299272381438,23150.771198384602,22565.8125,21980.853801615398,254.0642857142861,0
2025-03-21,23168.25,23402.7,23132.8,23350.4,540966316,51005.67,86.1435480066053,16.01538476546193,-108.93853194946087,124.9539167149228,22717.010000000002,22586.6875,,,0.12449967031318797,23251.193366969477,22586.6875,21922.181633030523,241.9000000000004,0
2025-03-24,23515.4,23708.75,23433.5,23658.35,311900413,28871.35,88.51187348297178,83.80353112342709,-70.39011933488328,154.19365045831037,22827.595,22623.9475,,,0.1316018277495556,23433.309148705168,22623.9475,21814.58585129483,249.1500000000004,0
2025-03-25,23751.5,23869.6,23601.4,23668.65,338216746,35415.03,90.21706055380864,136.78052862755067,-28.955989742396497,165.73651836994716,22948.43,22667.585,,,0.12927920392569958,23600.64063048457,22667.585,21734.52936951543,257.25714285714304,0
2025-03-26,23700.95,23736.5,23451.7,23486.85,278590831,26877.28,80.26804286579411,162.2254066877358,9.280289543629966,152.94511714410584,23047.325,22714.26,,,0.12584995729210258,23714.24844603852,22714.26,21714.271553961476,254.23571428571424,0
2025-03-27,23433.95,23646.45,23412.2,23591.95,510302142,46481.84,79.14451896585297,188.69617546209338,45.16346672732265,143.53270873477072,23159.47,22766.48,,,0.12581542032008966,23836.443027595375,22766.48,21696.516972404625,248.78214285714265,0
2025-03-28,23600.4,23649.2,23450.2,23519.35,387455531,29156.37,75.97034569824578,201.49354500938716,76.42948238373555,125.06406262565162,23271.684999999998,22815.195,,,0.1270032354289225,23930.468688336074,22815.195,21699.921311663926,250.9214285714284,0
2025-04-01,23341.1,23565.15,23136.4,23165.7,375118343,30680.7,66.61406566489234,181.01235539533445,97.34605698605533,83.66629840927912,23337.379999999997,22867.245,,,0.11959790826625608,23943.31039710285,22867.245,21791.179602897148,263.85357142857123,0
2025-04-02,23192.6,23350.0,23158.45,23332.35,340970371,24334.3,68.52727636048748,176.1970375450619,113.11625309785666,63.08078444720525,23387.185,22927.8975,,,0.12038752784738728,23962.400272235613,22927.8975,21893.394727764386,262.7214285714285,0
2025-04-03,23150.3,23306.5,23145.8,23250.1,283196379,23501.33,66.89786717530774,163.85515561057764,123.26403360040086,40.591122010176775,23421.434999999998,22986.269999999997,,,0.1214622130817387,23949.231995424318,22986.269999999997,22023.308004575676,258.3428571428568,0
2025-04-04,23190.4,23214.7,22857.45,22904.45,466776198,33761.96,59.83366613031425,124.74507539853585,123.56024196002787,1.1848334385079795,23392.815,23014.6275,23001.11,,0.13146899386709657,23929.315202514685,23014.6275,22099.939797485313,273.4821428571423,0
2025-04-07,21758.4,22254.0,21743.65,22161.6,647107618,49172.14,44.59343705711036,33.422988903079386,105.53279134863817,-72.10980244555878,23273.935,22995.472499999996,22980.235,,0.17424681004498516,23965.940682983975,22995.472499999996,22025.004317016017,340.4071428571424,0
2025-04-08,22446.75,22697.2,22270.85,22535.85,468250807,37226.82,45.42135219305647,-8.651842270319321,82.69586462484668,-91.347706895166,23161.684999999998,22994.64,22969.107999999997,,0.18523452750841615,23966.735370348324,22994.64,22022.544629651675,353.7321428571426,0
2025-04-09,22460.3,22468.7,22353.25,22399.15,383822618,28996.55,42.34849738905364,-52.42270040024232,55.67215161982888,-108.0948520200712,23034.735,22991.582499999997,22960.508,,0.18594907870833796,23971.1105100103,22991.582499999997,22012.054489989692,357.2928571428568,0
2025-04-11,22695.4,22923.9,22695.4,22828.55,402162001,33683.6,44.78076623713566,-51.86456702169016,34.16480789152507,-86.02937491321524,22968.905,23008.115,22957.933999999997,,0.19810078566712255,23963.4212386371,23008.115,22052.808761362903,372.69642857142804,0
2025-04-15,23368.35,23368.35,23207.0,23328.55,388321931,34216.17,49.71319060682826,-10.950193952779955,25.141807522664067,-36.09200147544402,22942.564999999995,23051.0175,22961.243,,0.2115161921690568,23981.40890109787,23051.0175,22120.626098902132,391.97499999999934,0
2025-04-16,23344.1,23452.2,23273.05,23437.2,348424960,28102.36,46.93685333185593,29.897251545120525,26.092896327155362,3.8043552179651634,22934.35,23103.0175,22964.996999999996,,0.21078967079533378,23995.00680326075,23103.0175,22211.028196739255,379.17499999999956,0
2025-04-17,23401.85,23872.35,23298.55,23851.65,505333905,38450.09,52.279521674140504,94.6210649517925,39.798530052082796,54.82253489970971,23002.945,23170.1625,22971.862,,0.21760003887725266,24075.868516480783,23170.1625,22264.456483519214,401.0035714285711,0
2025-04-21,23949.15,24189.55,23903.65,24125.55,406145632,33125.62,57.777453057645964,166.10187528520692,65.05919909870762,101.04267618649929,23082.265,23234.725,22984.73,,0.21576579794878964,24220.20232730469,23234.725,22249.247672695306,404.7964285714282,0
2025-04-22,24185.4,24242.6,24072.0,24167.25,440940490,35479.29,57.1152942340515,223.53895602750345,96.75515048446678,126.78380554303666,23173.980000000003,23297.707499999997,23000.854000000003,,0.215796397547259,24353.647353388296,23297.707499999997,22241.767646611697,400.2499999999995,0
2025-04-23,24357.6,24359.3,24119.95,24328.95,415042544,34527.08,59.79718282588707,278.8912106714415,133.18236252186173,145.70884814957978,23316.43,23354.6225,23012.648,,0.21338140034533162,24504.771787095066,23354.6225,22204.473212904937,403.13214285714224,0
2025-04-24,24277.9,24347.85,24216.15,24246.7,358768165,33057.29,64.00113977826135,312.5188607694399,169.04966217137738,143.46919859806255,23524.94,23399.4375,23023.656000000003,,0.21368395734175294,24616.77910922588,23399.4375,22182.09589077412,381.91428571428486,0
2025-04-25,24289.0,24365.45,23847.85,24039.35,387741866,33430.86,59.06154674322627,318.76310103687865,198.99234994447764,119.77075109240101,23675.29,23418.4875,23032.376,,0.21247926912682683,24664.476187485616,23418.4875,22172.498812514383,405.2035714285708,0
2025-04-28,24070.25,24355.1,24054.05,24328.5,320467976,28278.82,63.12560856864656,343.08878100667425,227.811636156917,115.27714484975726,23868.225,23451.48,23047.747000000003,,0.21610803288791236,24758.79452076788,23451.48,22144.16547923212,414.4321428571423,0
2025-04-29,24370.7,24457.65,24290.75,24335.95,357563224,30436.88,68.98641837763275,358.8318205156975,254.0156730286731,104.81614748702438,24018.965,23493.935,23066.834,,0.21346872939190517,24859.91843755854,23493.935,22127.951562441463,398.30714285714254,0
2025-04-30,24342.05,24396.15,24198.75,24334.2,424452559,41073.48,85.86687357612179,366.9372580738709,276.59999003771264,90.33726803615826,24119.53,23531.0475,23092.082000000002,,0.213341109493124,24947.638489321318,23531.0475,22114.456510678683,329.49285714285696,0
2025-05-02,24311.9,24589.15,24238.5,24346.7,421112627,34043.27,83.94983033052742,370.10320193769803,295.3006324177097,74.80256951998831,24210.480000000003,23572.415,23118.111,,0.21266856970560336,25035.137365677325,23572.415,22109.692634322677,316.2821428571427,0
2025-05-05,24419.5,24526.4,24400.65,24461.15,291471628,26918.36,88.98362763262367,377.4958565097768,311.73967723612316,65.75617927365363,24271.43,23637.1875,23146.706000000002,,0.20325661009373577,25138.304115223495,23637.1875,22136.070884776505,316.07499999999993,0
2025-05-06,24500.75,24509.65,24331.8,24379.6,302354059,26481.15,83.7647212486665,372.4804621544645,323.88783421979144,48.59262793467303,24296.835,23689.55,23175.713,,0.2036748313204786,25218.693653022496,23689.55,22160.406346977503,291.2964285714287,0
2025-05-07,24233.3,24449.6,24220.0,24414.4,330137191,27648.34,79.64130701826208,367.08229891705196,332.5267271592436,34.555571757808366,24321.55,23747.765,23204.811,,0.202559483258798,25295.009952233024,23747.765,22200.520047766975,269.1392857142858,0
2025-05-08,24431.5,24447.25,24150.2,24273.8,411362230,36893.06,72.44580382056216,347.4537402676069,335.51212978091627,11.94161048669065,24316.035,23816.232500000002,23231.380999999998,,0.19461267456933226,25327.113709331355,23816.232500000002,22305.35129066865,277.5607142857142,0
2025-05-09,23935.75,24164.25,23935.75,24008.0,335550680,28942.61,54.55844193708264,306.9122343141389,329.7921506875608,-22.879916373421906,24292.165,23908.5525,23252.882999999998,,0.15332810518131543,25204.020393719467,23908.5525,22613.084606280536,260.7214285714285,0
2025-05-12,24420.1,24944.8,24378.85,24924.7,368707684,30362.27,66.94730145265606,344.77843638119884,332.7894078262884,11.98902855491042,24380.7,24027.995,23293.114000000005,,0.19098071441878883,25227.51590651141,24027.995,22828.47409348859,303.5,0
2025-05-13,24864.05,24973.8,24547.5,24578.35,422977876,34576.66,57.720477764423,342.88752989378554,334.8090322397879,8.078497653997658,24405.685,24136.955,23328.763,,0.19891968854435585,25082.509516728325,24136.955,23191.40048327168,321.7642857142858,0
2025-05-14,24613.8,24767.55,24535.55,24666.9,345490805,25585.37,56.52602104856615,344.5623179176764,336.7596893753656,7.802628542310799,24438.780000000002,24228.872499999998,23371.034000000003,,0.1914630554807847,24975.34348260314,24228.872499999998,23482.401517396855,321.23928571428587,0
2025-05-15,24694.45,25116.25,24494.45,25062.1,500821889,44147.39,64.0479636138101,373.4737636011523,344.102504220523,29.37125938062934,24511.57,24315.55,23421.325,,0.18518380787788014,25023.433069440205,24315.55,23607.666930559793,356.2464285714289,0
2025-05-16,25064.65,25070.0,24953.05,25019.8,432717092,43815.86,67.91005242679422,388.4947109189634,352.98094556021107,35.51376535875232,24578.879999999997,24394.68,23470.82,,0.18609537655904212,25040.22437117675,24394.68,23749.13562882325,327.62857142857166,0
2025-05-19,25005.35,25062.95,24916.65,24945.45,255254340,21598.6,62.22966677899575,389.9049151033578,360.3657394688404,29.53917563451739,24627.31,24449.370000000003,23527.235,,0.17929467025323242,25086.48551988969,24449.370000000003,23812.254480110314,315.52500000000015,0
2025-05-20,24996.2,25010.35,24669.7,24683.9,414799113,31063.03,56.266095193502494,365.7020276113144,361.4329970973352,4.269030513979203,24657.739999999998,24477.2875,23578.527000000002,,0.18132379809864224,25103.49733104715,24477.2875,23851.077668952847,327.9357142857142,0
2025-05-21,24744.25,24946.2,24685.35,24813.45,332724952,23179.85,58.250839287251424,352.9065798313859,359.72771364414535,-6.821133812759456,24697.645,24509.5975,23633.143000000004,,0.1818879660759729,25135.135134422624,24509.5975,23884.059865577376,332.5714285714283,0
2025-05-22,24733.95,24737.5,24462.4,24609.7,403279638,30579.52,54.24810208366983,322.6063676980302,352.3034444549223,-29.697076756892102,24731.235,24523.635000000002,23678.591,,0.18380066466785833,25144.688144687654,24523.635000000002,23902.58185531235,332.59999999999957,0
2025-05-23,24639.5,24909.05,24614.05,24853.15,270470348,20200.73,56.07846177701968,314.61097223516845,344.7649500109716,-30.153977775803128,24815.75,24553.9575,23724.76,,0.1859785821355123,25177.29425132527,24553.9575,23930.62074867473,341.146428571428,0
2025-05-26,24919.35,25079.2,24900.5,25001.15,302799227,20060.68,59.44332183715951,316.56773109206915,339.12550622719107,-22.557775135121915,24823.395,24602.0475,23773.733000000004,,0.18288926191625257,25206.332835595615,24602.0475,23997.762164404387,344.5892857142849,0
2025-05-27,24956.65,25062.9,24704.1,24826.2,525653668,33638.3,56.000990935851455,300.53706944329315,331.4078188704115,-30.87074942711837,24848.18,24626.932500000003,23821.051,,0.1815525766210705,25224.743328444405,24626.932500000003,24029.1216715556,353.81785714285667,0
2025-05-28,24832.5,24864.25,24737.05,24752.45,684425321,37143.55,57.1137697852419,278.6693194968939,320.860118995708,-42.1907994988141,24856.735,24647.7575,23866.141999999996,,0.18210822549139025,25231.746451116745,24647.7575,24063.768548883254,341.6857142857139,0
2025-05-29,24825.1,24892.6,24677.3,24833.6,345370611,29730.05,62.98276512768901,264.8342525075859,309.65494569808357,-44.82069319049765,24833.885000000002,24672.7275,23913.404,,0.1822567657099346,25242.80668422759,24672.7275,24102.64831577241,332.9178571428568,0
2025-05-30,24812.6,24863.95,24717.4,24750.7,853890978,52247.87,46.29124392531332,244.36365298596138,296.59668715565914,-52.23303416969776,24806.975,24692.927499999998,23960.474,,0.18292660125902402,25242.63149544244,24692.927499999998,24143.223504557554,276.4714285714282,0
2025-06-02,24669.7,24754.4,24526.15,24716.6,311100908,25091.04,53.39922795111997,222.82043509311188,281.8414367431497,-59.02100165003782,24784.09,24705.7,24004.631,,0.18251711675869184,25244.491168411307,24705.7,24166.908831588695,262.3249999999997,0
2025-06-03,24786.3,24845.1,24502.15,24542.5,349288937,28906.4,47.064791656835396,189.51426227001502,263.3760018485228,-73.86173957850775,24769.95,24713.845,24038.795,,0.18404142631386058,25236.56498028543,24713.845,24191.12501971457,270.2499999999995,0
2025-06-04,24560.45,24644.25,24530.45,24620.2,280862575,21907.07,37.73590142095917,167.45826632861645,244.19245474454152,-76.73418841592508,24750.625,24724.135000000002,24073.047000000002,,0.18427396366528734,25229.86141667847,24724.135000000002,24218.408583321536,233.96428571428518,0
2025-06-05,24691.2,24899.85,24613.1,24750.9,388405978,30186.46,42.886243386243436,158.6957821428623,227.0931202242057,-68.3973380813434,24764.745000000003,24747.989999999998,24104.251999999997,,0.18348783802538873,25207.140192833536,24747.989999999998,24288.83980716646,246.09285714285656,0
2025-06-06,24748.7,25029.5,24671.45,25003.05,335581057,30041.71,51.392784601992425,170.13661895296536,215.70181996995765,-45.56520101699229,24779.735,24797.7425,24137.305,,0.18048997884782178,25112.085239989876,24797.7425,24483.399760010125,261.2178571428566,0
2025-06-09,25160.1,25160.1,25077.15,25103.2,279219989,25606.21,60.997167436005036,185.1505324770842,209.59156247138299,-24.441029994298788,24789.94,24806.667500000003,24166.201999999997,,0.1207289678743677,25145.379275120675,24806.667500000003,24467.95572487933,248.10357142857097,0
2025-06-10,25196.05,25199.3,25055.45,25104.25,307323471,28813.93,58.178187749592205,194.88735324411027,206.65072062592844,-11.76336738181817,24817.745000000003,24832.9625,24194.914,,0.10836764052714219,25178.625810287747,24832.9625,24487.299189712256,239.64285714285663,0
2025-06-11,25134.15,25222.4,25081.3,25141.4,301245273,25871.18,66.49910010550491,203.2585107881423,205.97227865837124,-2.713767870228935,24856.64,24856.687500000004,24228.005,,0.10797376471208003,25219.09008636688,24856.687500000004,24494.284913633128,224.64642857142826,0
2025-06-12,25164.45,25196.2,24825.9,24888.2,328310748,29573.27,51.081089417352935,187.30248309998206,202.23831954669342,-14.935836446711363,24862.1,24847.9925,24253.93,,0.09910832663138845,25197.7686528917,24847.9925,24498.2163471083,229.71428571428547,0
2025-06-13,24473.0,24754.35,24473.0,24718.6,318711364,24838.56,41.399567771588515,159.13747584458542,193.61815080627184,-34.48067496168642,24858.890000000003,24832.932500000003,24277.915,,0.10167759002367333,25177.459475912943,24832.932500000003,24488.405524087062,243.22499999999985,0
2025-06-16,24732.35,24967.1,24703.6,24946.5,305813047,23857.15,53.54741684359516,153.43739921036467,185.58200048709043,-32.14460127672575,24881.879999999997,24832.985,24313.530999999995,,0.10695580722997243,25177.58448086244,24832.985,24488.385519137562,236.41785714285677,0
2025-06-17,24977.85,24982.05,24813.7,24853.4,242415740,21818.05,52.943234496632584,139.7961722267355,176.42483483501945,-36.628662608283946,24912.97,24841.46,24343.952,,0.10065651597996984,25178.8839042481,24841.46,24504.036095751897,239.35714285714235,0
2025-06-18,24788.35,24947.55,24750.45,24812.05,237599011,22044.05,49.35677402023702,124.21690695777579,165.98324925957073,-41.766342301794936,24932.155,24841.390000000003,24375.191000000003,,0.09918505545693497,25178.838950681326,24841.390000000003,24503.94104931868,238.05714285714228,0
2025-06-19,24803.25,24863.1,24733.4,24793.25,274619935,23620.79,51.32056733186429,109.09563750822053,154.6057269093007,-45.510089401080165,24936.39,24850.5675,24412.967,,0.09439847627703747,25171.04204825475,24850.5675,24530.092951745253,236.8535714285707,0
2025-06-20,24787.65,25136.2,24783.65,25112.4,574654035,55782.03,60.43721322715051,121.46449321004184,147.97748016944894,-26.5129869594071,24947.325,24863.53,24471.982999999997,,0.09886480745596313,25204.74539947992,24863.53,24522.314600520076,245.73214285714207,0
2025-06-23,24939.75,25057.0,24824.85,24971.9,248534153,20797.88,61.527516778523484,118.56300416491285,142.0945849685417,-23.531580803628856,24934.195,24862.0675,24520.703999999998,,0.09897101217517805,25201.042664864442,24862.0675,24523.09233513556,241.77499999999964,0
2025-06-24,25179.9,25317.7,24999.7,25044.35,450185468,35508.9,61.418764302059415,120.71809959491293,137.81928789381595,-17.101188298903025,24928.204999999998,24872.975,24573.607999999997,,0.09593218871330311,25221.008795243677,24872.975,24524.94120475632,258.3464285714282,0
2025-06-25,25150.35,25266.8,25125.05,25244.75,260582584,22985.17,62.81429201587996,137.01718462303324,137.6588672396594,-0.6416826166261558,24938.54,24897.59,24621.932,,0.09860495560987344,25277.874697507057,24897.59,24517.305302492943,253.75357142857112,0
2025-06-26,25268.95,25565.3,25259.9,25549.0,428891818,38689.39,63.793234127485384,172.49632890862267,144.62635957345208,27.869969335170595,25004.62,24933.36,24666.341,,0.10593527598540778,25410.53999538973,24933.36,24456.180004610273,251.07499999999968,0
2025-06-27,25576.65,25654.2,25523.55,25637.8,563957748,47108.6,63.584387864003595,205.4113698285728,156.78336162447624,48.628008204096545,25096.54,24977.715,24710.353000000003,,0.10460999224154728,25540.621418416846,24977.715,24414.808581583155,249.18928571428555,0
2025-06-30,25661.65,25669.35,25473.3,25517.05,270981274,24673.48,59.88789882150039,219.22615835755278,169.27192097109156,49.954237386461216,25153.595,25017.7375,24743.661,,0.10659505657707166,25615.23534573506,25017.7375,24420.23965426494,252.91785714285703,0
2025-07-01,25551.35,25593.4,25501.8,25541.8,260669106,23921.02,59.648192771084275,229.5257657992588,181.322689936725,48.20307586253381,25222.434999999998,25067.7025,24771.985999999997,,0.10164034207411221,25664.999615059198,25067.7025,24470.4053849408,249.38214285714275,0
2025-07-02,25588.3,25608.1,25378.75,25453.4,309828013,26681.66,64.79426238090255,227.9277287145669,190.6436976922934,37.284031022273524,25286.57,25109.3625,24797.709,,0.10335434761280052,25691.26884431391,25109.3625,24527.45615568609,239.31428571428555,0
2025-07-03,25505.1,25587.5,25384.35,25405.3,293428797,24531.7,69.19550511544699,220.2412013266803,196.5631984191708,23.678002907509523,25347.775,25142.0825,24819.236,,0.10316588005184485,25712.602648890133,25142.0825,24571.562351109867,224.16785714285703,0
2025-07-04,25428.85,25470.25,25331.65,25461.0,193511595,19101.33,65.91401175378905,216.1524268623616,200.48104410780897,15.671382754552639,25382.635000000002,25164.980000000003,24843.522,,0.09782222463814702,25748.613864498646,25164.980000000003,24581.34613550136,215.24642857142837,0
2025-07-07,25450.45,25489.8,25407.25,25461.3,196051345,16923.26,69.94815252346254,210.50962718960363,202.4867607241679,8.022866465435726,25431.575,25182.885000000002,24871.960999999996,,0.0971797628286426,25780.346702890824,25182.885000000002,24585.42329710918,209.117857142857,0
2025-07-08,25427.85,25548.05,25424.15,25522.5,210410530,21947.32,73.01350782287588,208.57171146662222,203.7037508726588,4.867960593963431,25479.390000000003,25203.7975,24895.840999999997,,0.09732067572579926,25818.695102493926,25203.7975,24588.899897506075,203.8892857142855,0
2025-07-09,25514.6,25548.7,25424.35,25476.1,239081546,20549.5,71.73089775005562,200.9750913250682,203.1580189631407,-2.182927638072499,25502.525,25220.532499999998,24918.644,,0.0977381875294155,25846.40024143049,25220.532499999998,24594.664758569506,203.507142857143,0
2025-07-10,25511.65,25524.05,25340.45,25355.25,219609322,21435.36,58.84473904650904,183.09255313637914,199.1449257977884,-16.052372661409265,25483.15,25243.885000000002,24939.065,,0.09160319104668362,25852.147697836303,25243.885000000002,24635.6223021637,191.43928571428583,0
2025-07-11,25255.5,25322.45,25129.0,25149.85,249987681,26251.65,56.18848895844191,150.61030751121143,189.43800214047303,-38.8276946292616,25434.355,25265.4475,24955.128000000004,,0.09314937107232049,25823.836365138508,25265.4475,24707.05863486149,187.06071428571417,0
2025-07-14,25149.5,25151.1,25001.95,25082.3,259533624,23316.33,51.32428377010855,118.05629390162358,175.16166049270316,-57.10536659107959,25390.879999999997,25272.2375,24967.550999999996,,0.08848413524195635,25817.44330554033,25272.2375,24727.031694459667,173.0142857142855,0
2025-07-15,25089.5,25245.2,25088.45,25195.8,241340130,23282.7,48.181581782384164,100.25977276702542,160.18128294756764,-59.921510180542214,25356.280000000002,25289.357500000002,24983.875,,0.08836516942922128,25799.567046502467,25289.357500000002,24779.147953497537,168.76071428571413,0
2025-07-16,25196.6,25255.3,25121.05,25212.05,228815928,22254.54,34.07533437308,86.4703642112363,145.43909920030137,-58.96873498906507,25332.144999999997,25309.3575,24999.827999999998,,0.08792531807850115,25769.710787990105,25309.3575,24849.00421200989,155.45357142857134,0
2025-07-17,25230.75,25238.35,25101.0,25111.45,243412540,24715.35,25.398457583547625,66.65620805828075,129.68252097189725,-63.02631291361649,25302.760000000002,25325.267499999998,25016.581000000002,,0.08942775100412366,25729.034584077384,25325.267499999998,24921.500415922612,155.93214285714254,0
2025-07-18,25108.55,25144.6,24918.65,24968.4,316979826,26330.8,24.879813195366594,38.96128562438753,111.53827390239532,-72.57698827800779,25253.5,25318.067499999997,25035.789000000004,,0.07951688168699556,25742.427666386917,25318.067499999997,24893.707333613078,158.06785714285667,0
2025-07-21,24999.0,25111.4,24882.3,25090.7,305216414,26062.25,31.03984532616009,26.575106673346454,94.54564045658556,-67.9705337832391,25216.440000000002,25324.0075,25039.109,,0.07892829128990496,25730.933262368384,25324.0075,24917.081737631615,167.88928571428525,0
2025-07-22,25166.65,25182.0,25035.55,25060.9,483725120,31248.06,32.64809902740937,14.190777219697338,78.47466780920792,-64.28389058951058,25170.280000000002,25324.835,25048.76,,0.07843895616340639,25729.42687506494,25324.835,24920.24312493506,161.96785714285684,0
2025-07-23,25139.35,25233.5,25085.5,25219.9,271539651,23042.49,42.535630888155325,17.00999742302156,66.18173373197065,-49.17173630894909,25144.66,25323.592500000002,25059.82,,0.07640333347412878,25729.3708038416,25323.592500000002,24917.814196158404,159.78571428571377,0
2025-07-24,25243.3,25246.25,25018.7,25062.1,338728860,27433.34,35.159970238095184,6.436907868101116,54.23276855919675,-47.79586069109563,25115.345,25299.2475,25059.82,,0.06472516033288779,25706.50594823409,25299.2475,24891.98905176591,166.13928571428525,0
2025-07-25,25010.35,25010.35,24806.35,24837.0,278136104,25273.64,30.102626211116785,-19.876901986819576,39.41083444999349,-59.28773643681306,25084.06,25259.2075,25056.164,,0.06841789830593824,25683.42772120485,25259.2075,24834.98727879515,178.51071428571387,0
2025-07-28,24782.45,24889.2,24646.6,24680.9,262142969,24976.54,24.706978421590435,-52.719039029998385,20.984859753995114,-73.7038987839935,25043.920000000002,25217.4,25050.873000000003,,0.06959300206062045,25695.955446933393,25217.4,24738.84455306661,186.98928571428561,0
2025-07-29,24609.65,24847.15,24598.6,24821.1,284657235,25954.42,31.36557610241813,-66.6652257272981,3.4548426577364726,-70.12006838503457,25006.45,25181.364999999998,25053.617,,0.0738296074835847,25665.57257956212,25181.364999999998,24697.157420437878,195.86071428571424,0
2025-07-30,24890.4,24902.3,24771.95,24855.05,243886726,23525.25,35.02933077936065,-74.1237454960974,-12.060874973030304,-62.0628705230671,24970.75,25151.447500000002,25054.449,,0.07404830343748851,25638.813774749604,25151.447500000002,24664.0812252504,192.0571428571428,0
2025-07-31,24642.25,24956.5,24635.0,24768.35,346303628,30477.71,37.70861524582765,-86.03883938337822,-26.856467855099886,-59.18237152827833,24936.44,25119.6,25057.622000000003,,0.07446818145429077,25620.186034458497,25119.6,24619.0139655415,198.86071428571424,0
2025-08-01,24734.9,24784.15,24535.05,24565.35,263357194,24972.45,34.68160132752534,-110.58725950152439,-43.60262618438479,-66.9846333171396,24896.135000000002,25074.817499999997,25051.866,,0.07716462585454861,25606.114810240288,25074.817499999997,24543.520189759707,206.00000000000026,0
2025-08-04,24596.05,24736.25,24554.0,24722.75,259329477,20372.68,36.33790613718411,-116.00397316101953,-58.08289557971174,-57.92107758130779,24859.34,25037.89,25046.298,,0.08230042473843541,25558.643492142968,25037.89,24517.13650785703,207.382142857143,0
2025-08-05,24720.25,24733.1,24590.3,24649.55,251849778,23815.36,34.27189352421428,-124.76517077844983,-71.41935061945937,-53.34582015899046,24818.204999999998,24994.2425,25042.765,,0.0811569863641477,25489.692102594123,24994.2425,24498.792897405878,207.99285714285725,0
2025-08-06,24641.35,24671.4,24539.2,24574.2,225091071,20559.22,34.7627556084971,-136.2183578487602,-84.37915206531953,-51.839205783440676,24753.635000000002,24949.1475,25039.2,,0.0812946037378869,25423.669273084994,24949.1475,24474.625726915005,207.62500000000026,0
2025-08-07,24464.2,24634.2,24344.15,24596.15,616739190,35574.59,38.66370253068184,-141.8883094525845,-95.88098354277253,-46.00732590981198,24707.04,24911.192499999997,25034.451,,0.0810384902090685,25370.124484726937,24911.192499999997,24452.260515273058,212.20357142857185,0
2025-08-08,24544.25,24585.5,24337.5,24363.3,312630157,38135.74,29.24560602602142,-163.28854721110474,-109.36249627643897,-53.92605093466577,24659.67,24871.865,25026.702999999998,,0.08264207801235178,25377.149481726712,24871.865,24366.58051827329,214.3142857142861,0
2025-08-11,24371.5,24600.85,24347.45,24585.05,241145497,21081.61,37.76326278704962,-160.50481842121008,-119.5909607053932,-40.913857715816874,24650.085,24847.0025,25024.071999999996,,0.09073578218840862,25357.595759150197,24847.0025,24336.4092408498,221.9535714285716,0
2025-08-12,24563.35,24702.6,24465.65,24487.4,237002462,22258.29,30.54965480616039,-164.28446317646376,-128.52966119960732,-35.75480197685644,24616.715,24811.5825,25022.97,,0.08888593205385215,25318.56817328989,24811.5825,24304.596826710113,226.55000000000004,0
2025-08-13,24586.2,24664.55,24535.25,24619.35,236006791,22843.14,38.07985353902481,-154.84760977188125,-133.79325091406213,-21.054358857819125,24593.145,24781.947500000002,25022.952999999998,,0.09188469413775281,25258.763297463418,24781.947500000002,24305.131702536586,222.94999999999996,0
2025-08-14,24607.25,24673.65,24596.9,24631.3,270162203,22375.44,43.74391727493913,-144.73614217829163,-135.98182916690803,-8.754313011383601,24579.44,24757.94,25020.561,,0.09143692275314459,25212.74447343092,24757.94,24303.135526569076,210.16428571428565,0
2025-08-18,24938.2,25022.0,24852.85,24876.95,363071305,37637.67,55.65458163883359,-115.56862606162758,-131.89918854585193,16.330562484224345,24610.6,24753.3675,25018.039,,0.09737117629547061,25201.045857605735,24753.3675,24305.689142394265,220.742857142857,0
2025-08-19,24891.35,25012.65,24873.95,24980.65,252340828,24781.97,54.7008043369377,-83.12719746809671,-122.14479033030089,39.01759286220418,24636.39,24747.865,25015.588000000003,,0.09690119897442936,25180.53946143619,24747.865,24315.190538563813,212.89642857142826,0
2025-08-20,24965.8,25088.7,24929.7,25050.55,287054119,25330.45,55.64050778995961,-51.18673691797085,-107.95317964783489,56.76644272986404,24676.489999999998,24747.3475,25014.514,,0.09739511750280061,25178.46748387937,24747.3475,24316.22751612063,214.94285714285692,0
2025-08-21,25142.0,25153.65,25054.9,25083.75,226542052,21865.07,59.389699315272445,-22.930401878209523,-90.94862409390981,68.01822221570029,24727.445,24740.54,25013.360999999997,,0.09464747410945851,25143.630698426598,24740.54,24337.449301573404,199.3428571428571,0
2025-08-22,25064.15,25084.85,24859.15,24870.1,210165384,19655.78,59.01547199952666,-17.574237366963644,-76.2737467485206,58.69950938155695,24754.84,24730.94,25012.999,,0.09686330218171206,25110.22791674613,24730.94,24351.652083253866,197.67142857142815,0
2025-08-25,24949.15,25021.55,24894.35,24967.75,213032133,19871.25,57.51349362119725,-5.387792381035979,-62.096555875023675,56.708763493987696,24815.285,24737.4775,25017.982000000004,,0.09236941428751151,25128.779580744384,24737.4775,24346.175419255618,195.47142857142822,0
2025-08-26,24899.5,24919.65,24689.6,24712.05,750473927,47068.2,51.723757515582776,-16.176329302248632,-52.912510560468675,36.73618125822004,24827.984999999997,24739.034999999996,25013.293,,0.09704708130703414,25129.636234401445,24739.034999999996,24348.433765598547,205.1392857142855,0
2025-08-28,24695.8,24702.65,24481.6,24500.9,326601486,29371.67,48.11925899317496,-41.28841572995225,-50.58769159436539,9.29927586441314,24829.335,24723.025,25006.243,,0.0992712183230189,25125.530705092147,24723.025,24320.519294907856,212.15714285714265,0
2025-08-29,24466.7,24572.45,24404.7,24426.85,325543583,26796.69,45.76919232307071,-66.3997265695507,-53.750098589402455,-12.649627980148239,24810.085,24701.614999999998,24998.539,,0.09932229916412956,25119.799741472172,24701.614999999998,24283.430258527824,203.4214285714284,0
2025-09-01,24432.7,24635.6,24432.7,24625.05,229327424,20704.88,56.65640973476082,-69.50631225220422,-56.90134132196281,-12.604970930241414,24809.46,24694.449999999997,24995.175,,0.10367764384512698,25112.730858804523,24694.449999999997,24276.16914119547,199.8571428571426,0
2025-09-02,24653.0,24756.1,24522.35,24579.6,271558516,22051.8,49.84775260496688,-74.77379320297769,-60.475831698165784,-14.297961504811902,24779.725,24695.1625,24984.519,,0.09960928067137587,25112.565050713638,24695.1625,24277.75994928636,198.45357142857134,0
2025-09-03,24616.5,24737.05,24533.2,24715.05,340283328,23533.08,56.22794298689567,-67.2434857632361,-61.82936251117985,-5.414123252056243,24753.165,24694.7775,24979.382,,0.09889824520104555,25112.087104206883,24694.7775,24277.467895793117,196.08928571428572,0
2025-09-04,24980.75,24980.75,24708.2,24734.3,314094160,30252.19,53.35140966208928,-59.041752176395676,-61.271840444223024,2.230088267827348,24721.54,24699.015,24973.181,,0.09830095387310987,25116.112003863283,24699.015,24281.917996136715,202.90357142857152,0
2025-09-05,24818.85,24832.35,24621.6,24741.0,210071924,18530.24,53.20816517517694,-51.408579113471205,-59.29918817807267,7.890609064601463,24687.265,24707.355,24963.106,,0.09755005140173892,25120.596338814754,24707.355,24294.113661185245,212.4750000000001,0
2025-09-08,24802.6,24885.5,24751.55,24773.15,213228202,20122.88,46.53121240475877,-42.27764774948446,-55.89488009235503,13.617232342870572,24677.57,24716.204999999998,24947.589,,0.09759036100626968,25126.99266432068,24716.204999999998,24305.417335679314,194.88928571428576,0
2025-09-09,24864.1,24891.8,24814.0,24868.6,226919775,22356.88,46.234752511845066,-27.02774257542478,-50.121452588968985,23.093710013544204,24667.655,24741.469999999998,24932.205,,0.09100213816227484,25121.902383369154,24741.469999999998,24361.03761663084,193.4571428571427,0
2025-09-10,24991.0,25035.7,24915.05,24973.1,244146466,22458.98,47.45656957078584,-6.435620372667472,-41.384286145708685,34.94866577304121,24693.760000000002,24760.8725,24921.325999999997,,0.08681248251391499,25147.25052388626,24760.8725,24374.49447611374,194.03571428571428,0
2025-09-11,24945.5,25037.3,24940.15,25005.5,224570983,21316.72,47.42894693609333,12.355764491290756,-30.636276018308802,42.99204050959956,24744.219999999998,24786.777500000004,24910.6,,0.084968210535438,25165.348752384183,24786.777500000004,24408.206247615824,193.61071428571398,0
2025-09-12,25074.45,25139.45,25038.05,25114.0,225739766,21335.67,58.608640406607385,35.592823692495585,-17.390456076147927,52.98327976864351,24812.934999999998,24811.510000000002,24903.811999999998,,0.08433864325049328,25208.222963449105,24811.510000000002,24414.7970365509,187.0571428571428,0
2025-09-15,25118.9,25138.45,25048.75,25069.2,185375759,17115.6,53.71952337305227,49.8190914576262,-3.948546569393102,53.7676380270193,24857.35,24833.405,24897.09,,0.0849080845427227,25236.524743083002,24833.405,24430.285256916995,182.64642857142852,0
2025-09-16,25073.6,25261.4,25070.45,25239.1,240122320,22642.86,70.62091631127974,73.95056516013574,11.631275776512666,62.31928938362307,24923.3,24851.5125,24892.652,,0.0810462530118827,25293.526048107607,24851.5125,24409.498951892394,176.50714285714275,0
2025-09-17,25276.6,25346.5,25275.35,25330.25,268936695,23484.12,85.81113174143941,99.28547401355536,29.162115423921207,70.12335858963415,24984.82,24868.9925,24890.031000000003,,0.08075687932566271,25357.69389012558,24868.9925,24380.29110987442,167.7178571428571,0
2025-09-18,25441.05,25448.55,25329.75,25423.6,272193683,24198.11,92.33382883839457,125.4500268301781,48.419697705172595,77.03032912500551,25053.75,24887.644999999997,24888.053000000004,,0.08112207297106977,25430.949900246374,24887.644999999997,24344.34009975362,164.22142857142848,0
2025-09-19,25410.2,25431.4,25286.3,25327.05,380362832,38805.58,82.63294905169212,136.81769611009804,66.09929738615769,70.71839872394035,25112.355000000003,24899.809999999998,24885.072,,0.08266522363626658,25471.744088583953,24899.809999999998,24327.875911416042,159.67500000000004,0
2025-09-22,25238.1,25331.7,25151.05,25202.35,254509892,25277.82,76.96237606615581,134.21723533385375,79.7228849756969,54.49435035815685,25155.274999999998,24916.4225,24882.014,,0.07833924972091999,25503.81533410064,24916.4225,24329.02966589936,155.882142857143,0
2025-09-23,25209.0,25261.9,25084.65,25169.5,299204338,31435.17,71.59420289855083,128.0297833258628,89.38426464573008,38.645518680132724,25185.364999999998,24926.510000000002,24882.406999999996,,0.07765726831487617,25524.44903544209,24926.510000000002,24328.570964557915,153.98214285714312,0
2025-09-24,25108.75,25149.85,25027.45,25056.9,244382281,22310.05,64.07995810055881,112.74069946404052,94.05555160939218,18.685147854648335,25193.745000000003,24943.7525,24881.899000000005,,0.06942368138111622,25535.50903997688,24943.7525,24351.995960023116,144.66071428571453,0
2025-09-25,25034.5,25092.7,24878.3,24890.85,342534768,32715.91,55.741599294992106,86.23112436473093,92.49066616045994,-6.259541795729007,25182.28,24963.25,24875.8,,0.0662997144105163,25518.116005636206,24963.25,24408.383994363794,144.92142857142895,0
2025-09-26,24818.55,24868.6,24629.45,24654.7,291537949,29987.93,46.07508532423205,45.640646730062144,83.12066227438038,-37.480015544318235,25136.35,24974.642499999998,24864.653,,0.07468256772841382,25491.168285034408,24974.642499999998,24458.11671496559,153.27142857142877,0
2025-09-29,24728.55,24791.3,24606.2,24634.9,394388242,40004.93,41.84748482522857,11.739381953837437,68.84440621027179,-57.10502425643435,25092.92,24975.135000000002,24855.122000000003,,0.06908270455514871,25490.274206633196,24975.135000000002,24459.99579336681,158.0178571428574,0
2025-09-30,24691.95,24731.8,24587.7,24611.1,304924720,29285.11,36.61836463108087,-16.853795656639704,51.704765836889486,-68.5585614935292,25030.12,24976.71,24847.975999999995,,0.06883624220020901,25486.926433538534,24976.71,24466.493566461464,156.375,0
2025-10-01,24620.55,24867.95,24605.95,24836.3,308135228,29041.17,44.525689141969686,-21.099119475027692,37.14398877450605,-58.24310824953374,24980.725,24982.7725,24842.888,,0.07369081804265493,25482.67518050275,24982.7725,24482.86981949725,168.15000000000015,0
2025-10-03,24759.55,24904.8,24747.55,24894.25,366929642,31409.06,42.64976419038699,-19.561990050970053,25.80279300941083,-45.36478306038089,24927.79,24990.77,24839.555,,0.07404311266976424,25478.91497997402,24990.77,24502.625020025982,169.81428571428583,0
2025-10-06,24916.55,25095.95,24881.65,25077.65,271953070,25160.76,50.25865499403106,-3.5045582794009533,19.941322751648475,-23.445881031049428,24902.85,25007.6025,24836.71,,0.07813609651962812,25482.52136229472,25007.6025,24532.683637705282,178.71428571428572,0
2025-10-07,25085.3,25220.9,25076.3,25108.3,286833765,26176.23,45.62307589345472,11.56100288953894,18.26525877922657,-6.70425588968763,24893.445,25024.359999999997,24837.634,,0.07812855200759054,25487.963365638912,25024.359999999997,24560.75663436108,175.31428571428583,0
2025-10-08,25079.75,25192.5,25008.5,25046.15,225967495,21701.19,40.305077805077836,18.274921151361923,18.267191253653642,0.007729897708280475,24881.11,25033.2375,24841.817000000003,,0.0779528031706386,25491.045965897607,25033.2375,24575.42903410239,180.78571428571428,0
2025-10-09,25074.3,25199.25,25024.3,25181.8,286253252,22617.86,41.98009950248756,34.14793493311663,21.44333998954624,12.704594943570392,24893.6,25043.672499999997,24851.835,,0.07885868419439429,25505.208225338036,25043.672499999997,24582.136774661958,184.79642857142866,0
2025-10-10,25167.65,25330.75,25156.85,25285.35,232943306,21749.23,48.62330802244963,54.45530544664871,28.045733080966734,26.409572365681974,24933.05,25057.665,24861.12,,0.0798963973728232,25531.142036735622,25057.665,24584.18796326438,186.85357142857148,0
2025-10-13,25177.3,25267.3,25152.3,25227.35,234285202,20806.83,50.86337891974029,65.11828456184958,35.4602433771433,29.658041184706278,24990.315,25063.332499999997,24868.566000000003,,0.07921102751852396,25542.330214833735,25063.332499999997,24584.33478516626,183.45357142857134,0
2025-10-14,25277.55,25310.35,25060.55,25145.5,292129083,24151.97,49.19828968466061,66.2010370360149,41.60840210891762,24.592634927097272,25041.375,25067.1475,24876.109,,0.07987219358073172,25547.55529549653,25067.1475,24586.739704503467,188.63571428571413,0
2025-10-15,25181.95,25365.15,25159.35,25323.55,289930172,25202.02,58.53416546647458,80.49833840995416,49.38638936912493,31.11194904082923,25112.620000000003,25071.37,24891.273,,0.08021208478397632,25559.562871075126,25071.37,24583.17712892487,194.17857142857142,0
2025-10-16,25394.9,25625.4,25376.85,25585.3,372777021,32008.64,70.94303205766167,111.6629097039513,61.84169343609021,49.82121626786109,25187.52,25084.122499999998,24908.523999999998,,0.08726996989405317,25612.462699886342,25084.122499999998,24555.782300113653,200.42500000000004,0
2025-10-17,25546.85,25781.5,25508.6,25709.85,422055809,35106.96,84.11743783748832,144.7426973593174,78.42189422073565,66.32080313858174,25269.08,25098.435,24929.73,,0.08793817483039763,25678.475646579504,25098.435,24518.3943534205,201.24642857142888,0
2025-10-20,25824.6,25926.2,25788.5,25843.15,301133193,29637.12,86.39636111696844,179.64403871483955,98.66632311955644,80.97771559528312,25345.629999999997,25124.239999999998,24955.109,,0.0877950932610476,25787.111206510894,25124.239999999998,24461.368793489102,203.478571428572,0
2025-10-21,25901.2,25934.35,25825.8,25868.6,42477128,3831.1,87.84231116461046,206.97136839549057,120.32733217474328,86.6440362207473,25421.66,25157.552499999998,24980.557999999997,,0.08494547849285786,25899.23164858618,25157.552499999998,24415.873351413815,200.93928571428634,0
2025-10-23,26057.2,26104.2,25862.45,25891.4,448404894,41777.68,86.15584949626502,227.84182477325885,141.8302306944464,86.01159407881244,25506.185,25193.6475,25011.12,,0.08440314355308125,26004.78708009389,25193.6475,24382.507919906107,199.49285714285776,0
2025-10-24,25935.1,25944.15,25718.2,25795.15,284913477,23527.98,80.08214238012572,233.9187712256644,160.24793880069,73.67083242497438,25567.519999999997,25230.56,25035.322,,0.08374189087337237,26081.702261966486,25230.56,24379.417738033517,204.4000000000007,0
2025-10-27,25843.2,26005.95,25827.0,25966.05,266337274,23989.06,79.91447235504086,249.64721905902115,178.12779485235626,71.5194242066649,25635.590000000004,25284.32,25064.895,,0.07987842017261212,26179.787518820936,25284.32,24388.852481179063,204.1500000000007,0
2025-10-28,25939.95,26041.7,25810.05,25936.2,395231207,37023.32,77.89232531500595,256.74389791354406,193.85101546459384,62.89288244895022,25706.475,25348.394999999997,25091.232000000004,,0.06846413346597684,26237.541124335712,25348.394999999997,24459.24887566428,210.36785714285776,0
2025-10-29,25982.0,26097.85,25960.3,26053.9,321880610,26309.32,82.72659370636195,268.76729134185734,208.83427064004655,59.93302070181079,25797.315,25419.345,25119.683999999997,,0.06761907238773592,26295.12953063835,25419.345,24543.56046936165,208.77142857142903,0
2025-10-30,25984.4,26032.05,25845.25,25877.85,257373001,24180.46,72.02620170247775,261.0805791692692,219.2835323458911,41.79704682337808,25852.745,25482.682500000003,25139.702,,0.07466841878945885,26293.13749389649,25482.682500000003,24672.227506103514,211.17857142857196,0
2025-10-31,25863.8,25953.75,25711.2,25722.1,334384400,28788.4,63.3787716342472,239.65844764750364,223.3585154062136,16.299932241290037,25866.425,25526.972499999996,25154.530999999995,,0.07621006440053675,26283.732280056192,25526.972499999996,24770.2127199438,216.08214285714323,0
2025-11-03,25696.85,25803.1,25645.5,25763.35,275858501,23949.88,66.58929124110182,223.43417425981897,223.3736471769347,0.06052708288427766,25871.775,25570.427499999998,25168.787,,0.07618186608640107,26272.00846691099,25570.427499999998,24868.846533089007,217.8357142857146,0
2025-11-04,25744.75,25787.4,25578.4,25597.65,305143084,29307.41,63.30361608850448,194.95835694172274,217.69058912989232,-22.732232188169576,25847.225,25596.427499999998,25179.065,,0.07835026021851539,26258.54796961988,25596.427499999998,24934.307030380114,214.92142857142895,0
2025-11-06,25593.35,25679.15,25491.55,25509.7,371852417,36129.62,55.78375019418988,163.41054158490442,206.83457962089477,-43.42403803599035,25811.335,25616.4975,25191.857000000004,,0.07993387814878646,26239.497678656033,25616.4975,24993.49732134397,212.63214285714326,0
2025-11-07,25433.8,25551.25,25318.45,25492.3,305606393,35487.0,46.59315700783941,135.44332964911155,192.55632962653812,-57.11299997742657,25771.425,25638.805,25202.347999999998,,0.07920790146102621,26205.195243838974,25638.805,25072.414756161026,207.70000000000022,0
2025-11-10,25503.5,25653.45,25503.5,25574.35,243592948,25023.65,44.87673926194799,118.53348178318265,177.75176005786705,-59.218278274684394,25749.345,25658.432500000003,25219.593999999997,,0.0779179662323931,26183.866889990222,25658.432500000003,25132.998110009783,199.71785714285735,0
2025-11-11,25617.0,25715.8,25449.25,25694.95,297714069,28285.51,44.342215774604846,113.55472938927414,164.91235392414848,-51.35762453487433,25722.235,25678.9125,25243.475,,0.07828834637974387,26174.18287472388,25678.9125,25183.642125276117,203.30357142857142,0
2025-11-12,25834.3,25934.55,25781.15,25875.8,343864299,30633.19,50.24571701590338,122.78670709331345,156.48722455798148,-33.700517464668025,25716.195,25711.335,25272.453999999998,,0.08035376563643569,26165.316720128372,25711.335,25257.353279871626,212.66428571428565,0
2025-11-13,25906.1,26010.7,25808.4,25879.15,385170023,30145.74,49.576315152353615,128.88769581193628,150.96731880877246,-22.07962299683618,25698.72,25748.017499999998,25297.535999999996,24426.697,0.07870864794152971,26120.788820157235,25748.017499999998,25375.24617984276,209.84642857142848,0
2025-11-14,25767.9,25940.2,25740.8,25910.05,518943416,33121.81,54.16213866550743,134.66382434291518,147.706619915601,-13.042795572685833,25701.94,25777.342500000002,25324.145,24440.220500000003,0.07584536504306662,26098.175439435014,25777.342500000002,25456.50956056499,207.94999999999996,0
2025-11-17,25948.2,26024.2,25906.35,26013.45,264610565,23384.35,51.80530164533826,145.90308374076994,147.3459126806348,-1.442828939864853,25731.075,25798.75,25350.112999999998,24454.826750000004,0.06866346741538577,26122.750077973,25798.75,25474.749922027,201.31071428571445,0
2025-11-18,26021.8,26029.85,25876.5,25910.05,280000989,26059.6,49.05687596927178,144.7976250497377,146.8362551544554,-2.038630104717697,25745.745,25808.760000000002,25373.627999999997,24470.23125,0.06895555996160953,26133.564951349654,25808.760000000002,25483.95504865035,195.7178571428571,0
2025-11-19,25918.1,26074.65,25856.2,26052.65,250110008,24496.86,49.95571302037201,153.6569081259986,148.20038574876403,5.456522377234563,25791.245000000003,25819.235,25399.861,24485.708249999996,0.06925784437329707,26161.74027940639,25819.235,25476.729720593612,199.77500000000015,0
2025-11-20,26132.1,26246.65,26063.2,26192.15,240425729,25000.17,61.43158507310693,169.97507112732637,152.55532282447652,17.419748302849854,25859.489999999998,25835.4125,25428.241,24500.8535,0.071439076502664,26216.164202315285,25835.4125,25454.66079768471,198.72857142857148,0
2025-11-21,26109.55,26179.2,26052.2,26068.15,235581427,24720.07,62.883949514129405,170.93118093033627,156.23049444564847,14.700686484687793,25917.075,25844.25,25452.231999999996,24514.946750000003,0.07391640018962163,26238.4410957901,25844.25,25450.0589042099,191.40000000000015,0
2025-11-24,26122.8,26142.8,25912.15,25959.5,464655063,44895.45,56.953947601659195,161.0650996542863,157.19741548737605,3.8676841669102657,25955.59,25852.4675,25471.96,24527.202250000002,0.07426170387687922,26249.192952296926,25852.4675,25455.742047703072,196.61785714285725,0
2025-11-25,25998.5,26032.6,25857.5,25884.8,260454909,25320.15,60.88225262439821,145.54078982656574,154.866090355214,-9.325300528648256,25974.575,25848.405000000002,25489.546000000002,24539.215500000002,0.07117052070894467,26241.883944665326,25848.405000000002,25454.92605533468,194.19642857142858,0
2025-11-26,25842.95,26215.15,25842.95,26205.3,275265169,31666.03,72.41123783748935,157.2862360888721,155.35011950194564,1.9361165869264596,26007.525,25861.86,25511.372000000003,24553.436749999997,0.08374044455113673,26285.246676070332,25861.86,25438.47332392967,207.38214285714275,0
2025-11-27,26261.25,26310.45,26141.9,26215.55,240287057,25306.47,73.40993688299066,165.51373688026797,157.38284297761012,8.130893902657846,26041.165,25869.942499999997,25534.299,24565.818249999997,0.08239043794139865,26314.412151175406,25869.942499999997,25425.47284882459,202.79285714285703,0
2025-11-28,26237.45,26280.75,26172.4,26202.95,202511545,20525.36,71.30414153053614,169.06845987203997,159.7199663564961,9.348493515543879,26070.455,25886.197500000002,25553.576,24578.3515,0.07814036034240038,26354.997760996866,25886.197500000002,25417.397239003138,199.02142857142826,0
2025-12-01,26325.8,26325.8,26124.2,26175.75,213828573,21734.75,67.3963383747014,167.7569925878488,161.32737160276665,6.429620985082153,26086.685,25908.88,25570.486,24591.2135,0.07442643455404276,26388.034462953885,25908.88,25429.725537046117,194.3821428571425,0
2025-12-02,26087.95,26154.6,25997.85,26032.2,254803113,26298.82,55.815856016659254,153.36644707929372,159.73518669807208,-6.368739618778363,26098.9,25922.322500000002,25582.658,24603.57475,0.07769903941465532,26399.3665942603,25922.322500000002,25445.278405739704,189.97499999999985,0
2025-12-03,26004.9,26066.45,25891.0,25986.0,265660108,25320.85,53.85058921042193,136.65856729818188,155.11986281809405,-18.46129551991217,26092.234999999997,25941.74,25595.836999999996,24616.596750000004,0.07382651593890772,26394.11720124995,25941.74,25489.362798750055,188.0571428571428,0
2025-12-04,25981.85,26098.25,25938.95,26033.75,248099545,26377.76,54.404329559211,125.82010231527966,149.25991071753117,-23.439808402251515,26076.394999999997,25967.9425,25612.465,24631.406499999997,0.07220343438211271,26373.20790657126,25967.9425,25562.67709342874,185.19285714285692,0
2025-12-05,25999.8,26202.6,25985.35,26186.45,249254405,27491.07,55.95074298293888,128.07577673249034,145.023083920523,-16.947307188032653,26088.225,26002.65,25632.804,24647.1125,0.07386916195293818,26351.34916607481,26002.65,25653.95083392519,192.29285714285677,0
2025-12-08,26159.8,26178.7,25892.25,25960.55,320729920,31677.57,51.60205570712518,110.36297718207425,138.09106257283324,-27.72808539075899,26088.329999999998,26021.96,25650.876999999997,24661.758250000003,0.08147886997396107,26307.923473192324,26021.96,25735.996526807674,202.35357142857123,0
2025-12-09,25867.1,25923.65,25728.0,25839.65,275978160,29894.41,43.14848172928462,85.58328548665304,127.5895071555972,-42.006221668944164,26083.815000000002,26029.195,25669.853000000003,24676.31025,0.082236012572633,26286.175955469276,26029.195,25772.214044530723,203.36071428571398,0
2025-12-10,25864.05,25947.65,25734.55,25758.0,207944446,21975.7,35.49497176840063,58.68029871118779,113.80766546671532,-55.12736675552753,26039.085,26023.305,25691.919000000005,24690.30275,0.07904806375425276,26299.75205003653,26023.305,25746.85794996347,204.72499999999985,0
2025-12-11,25771.4,25922.8,25693.25,25898.55,206099631,20145.19,44.39561165818512,48.145704528571514,100.67527327908657,-52.529568750515054,26007.385000000002,26024.275,25717.191999999995,24705.069000000003,0.08157834665780851,26298.721214652454,26024.275,25749.82878534755,211.12499999999974,0
2025-12-12,25971.2,26057.6,25938.45,26046.95,216344338,19484.07,52.815790321022654,51.181612738448166,90.7765411709589,-39.59492843251073,25991.785,26031.12,25745.909000000003,24720.639249999997,0.08397579160415726,26300.350156675242,26031.12,25761.889843324756,206.01071428571413,0
2025-12-15,25930.05,26047.15,25904.75,26027.3,181557703,17444.03,54.75697689945252,51.40938569218633,82.90311007520438,-31.493724383018048,25976.94,26031.8125,25769.729,24736.21,0.0828743759327781,26300.922510522418,26031.8125,25762.702489477582,203.67500000000004,0
2025-12-16,25951.5,25980.75,25834.35,25860.1,264351195,23554.69,37.162513945704724,37.6640866024718,73.85530538065787,-36.19121877818607,25959.730000000003,26029.315,25789.046000000002,24751.531000000003,0.08487959566089406,26304.05133886866,26029.315,25754.578661131338,190.87142857142862,0
2025-12-17,25902.4,25929.15,25770.35,25818.55,206521258,19787.57,35.572030818432935,23.151227354373987,63.71448977540109,-40.563262421027105,25942.985,26017.61,25803.863999999998,24767.856999999996,0.08238855134545357,26307.679860188353,26017.61,25727.54013981165,190.17500000000032,0
2025-12-18,25764.7,25902.35,25726.3,25815.55,197553755,20046.07,35.821987995901026,11.277605694416707,53.22711295920421,-41.949507264787506,25921.165,25998.78,25818.009000000005,24784.196999999996,0.07952552580384255,26290.035049019174,25998.78,25707.524950980824,195.01071428571464,0
2025-12-19,25911.5,25993.35,25880.45,25966.4,382927284,36600.58,42.974124911903964,13.880009172291466,45.35769220182166,-31.477683029530198,25899.16,25993.692499999997,25836.414,24801.30375,0.08127413685538522,26283.39607132258,25993.692499999997,25703.988928677416,193.3107142857147,0
2025-12-22,26055.85,26180.7,26047.8,26172.4,252990050,25333.26,54.51587966243639,32.193800966382696,42.72491395473388,-10.531112988351182,25920.345,26004.3375,25856.225999999995,24821.542250000002,0.08468469719908576,26304.218065480407,26004.3375,25704.456934519596,195.91071428571453,0
2025-12-23,26205.2,26233.55,26119.05,26177.15,216553840,19670.5,56.325909256378885,46.55424979689997,43.490781123167096,3.0634686737328707,25954.094999999998,26018.954999999998,25874.062,24841.8315,0.08379537647811053,26322.776692687643,26018.954999999998,25715.133307312353,191.55714285714308,0
2025-12-24,26170.65,26236.4,26123.0,26142.1,188846828,17474.44,53.61612655608577,54.47876953822197,45.68837880617808,8.790390732043889,25992.504999999997,26015.795000000002,25892.356999999996,24862.12875,0.07138970148915956,26312.6918346434,26015.795000000002,25718.898165356604,188.27857142857178,0
2025-12-26,26121.25,26144.2,26008.6,26042.3,142243763,12263.06,45.01297353399063,52.10534461147108,46.971771967236684,5.133572644234398,26006.879999999997,26007.1325,25910.292999999998,24880.65375,0.07255071115295547,26289.230428638835,26007.1325,25725.034571361164,182.4464285714291,0
2025-12-29,26063.35,26106.8,25920.3,25942.1,234312888,18184.45,49.30089803342046,41.6588681633184,45.90919120645303,-4.250323043134628,25996.394999999997,25994.09,25922.664,24897.64075,0.07362507439988954,26261.822778403755,25994.09,25726.357221596245,174.7535714285719,0
2025-12-30,25940.9,25976.75,25878.0,25938.85,396893959,39492.31,54.12679923454515,32.74030264794419,43.27541349475126,-10.535110846807072,25987.55,25982.245,25929.735,24914.5725,0.07360623151489072,26236.774086126567,25982.245,25727.71591387343,165.1964285714291,0
2025-12-31,25971.05,26187.95,25969.0,26129.6,246314941,20703.99,64.17238749046516,40.59623789774923,42.73957837535086,-2.143340477601626,26014.5,25987.114999999998,25938.13,24932.918999999998,0.07601471728323038,26249.281146797275,25987.114999999998,25724.94885320272,167.76785714285765,0
2026-01-01,26173.3,26197.55,26113.4,26146.55,425631910,23454.66,60.442984672393386,47.64067448494097,43.71979759726888,3.920876887672094,26047.3,25995.142499999998,25944.198000000004,24951.16225,0.07566666950179543,26266.82425320866,25995.142499999998,25723.460746791337,157.38214285714326,0
2026-01-02,26155.1,26340.0,26118.4,26328.55,357547806,23770.13,61.53153153153141,67.13542480841352,48.40292303949781,18.73250176891571,26098.6,26009.8825,25953.397,24970.4525,0.07913633875028789,26319.69629853611,26009.8825,25700.06870146389,161.85000000000036,0
2026-01-05,26333.7,26373.2,26210.05,26250.3,338777649,25742.83,58.71366051891212,75.40184828340352,53.80270808827895,21.599140195124576,26126.989999999998,26013.074999999997,25960.575,24989.718000000004,0.07750101356788117,26331.73913683607,26013.074999999997,25694.410863163925,163.33214285714323,0
2026-01-06,26189.7,26273.95,26124.75,26178.7,383040203,34567.52,63.454391891891945,75.30742965800891,58.10365240222494,17.203777255783976,26127.62,26023.9825,25968.246,25008.06775,0.07123313139809674,26349.92752163984,26023.9825,25698.03747836016,160.20714285714323,0
2026-01-07,26143.1,26187.15,26067.9,26140.75,338216740,30232.63,63.647915960691265,71.34790019757202,60.75250196129436,10.59539823627766,26123.98,26039.0375,25971.74,25024.6,0.0690734138435431,26356.847063757934,26039.0375,25721.227936242063,157.382142857143,0
2026-01-08,26106.5,26133.2,25858.45,25876.85,328520950,27556.32,52.12655241795597,46.38077141577378,57.87815585219025,-11.497384436416468,26097.454999999998,26044.980000000003,25970.553,25039.44625,0.0778895891072653,26344.586867675152,26044.980000000003,25745.373132324854,164.97142857142873,0
2026-01-09,25840.4,25940.6,25623.0,25683.3,348757262,27486.64,40.461590296495906,10.851188792814355,48.47276244031507,-37.62157364750072,26061.555,26034.217500000002,25963.141,25051.9095,0.07991146325980165,26369.332360552882,26034.217500000002,25699.102639447123,174.95714285714297,0
2026-01-12,25669.05,25813.15,25473.4,25790.25,275757268,23874.45,36.20347304956857,-8.577415128791472,37.06272692649377,-45.64014205528524,26046.370000000003,26021.3825,25961.389,25064.10875,0.0784977676679666,26373.66756291475,26021.3825,25669.09743708525,183.9178571428573,0
2026-01-13,25897.35,25899.8,25603.3,25732.3,339536336,31434.03,34.53394986614745,-28.324299510346464,23.985321639125722,-52.309621149472186,26025.715,26006.6325,25961.593000000004,25074.4785,0.07874449972226724,26381.832113223914,26006.6325,25631.432886776085,196.9178571428573,0
2026-01-14,25648.55,25791.75,25603.95,25665.6,393126596,28944.88,33.790311607021394,-48.79351890318867,9.429553530662844,-58.22307243385151,25979.315,25996.907499999998,25959.638,25084.46325,0.07608847355584619,26397.333573438893,25996.907499999998,25596.481426561102,202.23214285714286,0
2026-01-16,25696.05,25873.5,25662.4,25694.35,434041776,37156.05,37.562109025916,-61.98115781321394,-4.852588738112514,-57.128569075101424,25934.094999999998,25990.697500000002,25961.572,25095.500750000003,0.07611463867820871,26406.333550909938,25990.697500000002,25575.061449090066,207.62499999999974,0
2026-01-19,25653.1,25653.3,25494.35,25585.5,443087953,33632.38,37.331249111837494,-80.29020644285265,-19.940112279060543,-60.35009416379211,25859.79,25979.195,25963.088,25105.468500000003,0.07742658238996539,26426.747530172015,25979.195,25531.642469827984,208.58928571428547,0
2026-01-20,25580.3,25585.0,25171.35,25232.5,409772324,31020.36,29.90069146060388,-121.87945871458942,-40.32798156616632,-81.55147714842309,25758.01,25942.5,25957.892000000003,25114.034249999997,0.08708419490448775,26501.050712959513,25942.5,25383.949287040487,231.117857142857,0
2026-01-21,25141.0,25300.95,24919.8,25157.5,395624981,30984.61,20.388083343487338,-159.05759700481576,-64.07390465389621,-94.98369235091955,25655.89,25891.754999999997,25949.555,25123.993250000003,0.07985580829451107,26539.62920148326,25891.754999999997,25243.880798516733,240.54999999999978,0
2026-01-22,25344.15,25435.75,25168.5,25289.9,486395433,34583.24,25.619717107322856,-175.81132248000722,-86.42138821911843,-89.3899342608888,25570.805,25847.392499999998,25941.453999999998,25133.781000000003,0.08361459900225704,26533.370582567775,25847.392499999998,25161.41441743222,254.41428571428565,0
